elo_diff,team1_recent_winrate,team2_recent_winrate,head_to_head,toss_winner_is_team1,target
0.0,0.5,0.5,0.5,1,0
0.0,0.5,0.5,0.5,0,0
0.0,0.5,0.5,0.5,0,1
16.0,1.0,0.5,0.5,0,1
16.0,0.5,0.0,0.5,1,0
0.0,0.0,0.0,0.5,0,1
-31.26369320647791,0.0,1.0,0.5,1,0
32.73630679352209,1.0,0.0,0.5,0,1
-29.8278203282016,0.0,0.5,0.5,0,0
-0.7668102976840601,0.0,0.0,0.5,0,1
-0.7668102976840601,1.0,1.0,0.5,0,1
-13.8934361383715,0.5,0.6666666666666666,0.5,0,0
-2.8109393040952,0.0,0.0,0.5,0,0
-46.52881425984924,0.3333333333333333,1.0,0.5,0,1
-61.15641341991727,0.3333333333333333,1.0,0.5,0,0
78.36743719436777,0.6666666666666666,0.0,0.5,1,0
40.2707064882934,0.6666666666666666,0.25,0.5,0,1
-30.75233436894996,0.25,0.5,0.5,0,0
34.31085689649808,0.75,0.5,0.5,1,1
33.156729314163385,1.0,0.75,0.5,1,0
1.184180438905969,0.2,0.2,0.5,0,1
35.49844762409225,0.6,0.4,0.5,1,1
-87.70023288829384,0.2,0.8,0.5,0,1
2.193045779818931,0.8,0.8,0.5,0,1
-57.1685672050769,0.4,0.8,0.5,0,0
85.44322211300414,0.6,0.2,0.5,0,0
-83.94930764181709,0.4,1.0,0.5,1,1
6.31911330924072,0.2,0.2,1.0,1,1
17.68914533392467,0.6,0.4,1.0,0,0
79.78444072799857,0.8,0.4,1.0,1,1
-21.23469672744,0.4,1.0,1.0,0,1
-34.244145054459295,0.4,0.2,0.0,0,0
45.56973546346512,0.8,0.4,0.0,1,1
82.68250671121109,0.8,0.2,1.0,0,1
3.592829876976112,0.4,0.4,0.5,1,1
-44.09899350666865,0.6,0.4,0.0,1,1
43.67293663170926,0.2,0.2,1.0,0,1
1.322369009586282,0.8,0.6,1.0,1,1
134.23155185803216,0.8,0.2,1.0,0,1
-48.20794133711093,0.2,0.8,0.0,1,0
-110.1956516766386,0.2,1.0,1.0,1,0
-25.320470233147034,0.6,0.4,0.0,1,0
-55.31438155692422,0.2,0.2,0.0,0,0
-94.85290140591997,0.6,0.8,0.0,0,0
-12.389045463406546,1.0,0.8,0.0,1,0
128.06244026059926,0.6,0.0,1.0,0,0
160.19217827047487,0.8,0.2,1.0,1,1
-34.50336715546814,0.4,0.8,0.0,1,1
-73.24183007674674,0.6,0.8,0.0,0,0
-30.926879059977185,0.0,0.2,0.0,1,0
-107.78617271964526,0.4,0.8,0.0,0,1
93.15429646771965,1.0,0.6,0.0,1,1
-117.60431105563794,0.0,0.4,1.0,1,0
-55.83780565819484,0.8,1.0,0.0,0,1
-51.14828551060487,0.4,0.4,1.0,0,0
-85.75069045868713,0.6,0.8,0.5,1,0
-62.33400283900528,0.4,0.8,1.0,0,1
-74.36191591852639,0.6,0.8,0.0,0,0
9.703940681834183,0.4,0.4,0.5,1,0
-187.79066649752397,0.4,0.8,0.0,1,1
-60.30104501917049,0.6,0.6,0.0,1,1
-116.78722707724432,0.0,0.4,0.0,0,1
-47.83434658524857,0.6,0.4,0.5,0,0
68.30974961616448,0.4,0.2,0.5,0,0
46.10492981709058,0.6,0.2,1.0,0,0
1.6353213432905704,0.6,0.6,0.5,0,0
-95.62813576112876,0.4,0.2,0.0,1,0
-112.82899536862784,0.4,0.4,0.5,1,1
-119.71118955906468,0.2,0.8,0.0,1,0
-64.59238306430666,0.4,0.6,0.5,1,1
66.35435500268932,0.4,0.6,0.5,0,0
-16.3949237047093,0.4,0.4,0.0,0,0
-34.28136819111046,0.8,0.4,0.3333333333333333,1,0
29.102439466983697,0.4,0.6,1.0,1,1
-72.68403879075913,0.2,0.4,0.0,0,1
-108.9375388746314,0.2,0.6,0.0,0,1
-74.11952358312283,0.8,0.6,0.0,0,0
-144.03616939840776,0.2,0.6,0.0,1,1
-51.5223393505637,0.4,0.6,0.0,0,0
-129.03261931749648,0.8,0.4,0.0,1,0
-37.58234588620349,0.4,0.8,0.3333333333333333,0,1
-76.97493176857256,0.4,0.6,0.5,0,1
101.31761598055164,0.6,0.2,0.3333333333333333,0,1
89.85298968201278,0.6,0.6,0.3333333333333333,1,1
-26.74793208834899,0.8,0.4,0.6666666666666666,1,0
93.31086822918564,0.6,0.2,0.0,0,1
-81.41396594342746,0.4,0.4,0.6666666666666666,1,1
-132.97380059538432,0.6,0.6,0.33333333333333337,0,0
-6.342589575484226,0.6,0.6,1.0,1,1
54.01071017003369,0.6,0.4,0.5,0,1
-84.12535281444343,0.4,0.4,0.0,0,0
-56.49854048985571,0.8,0.8,0.25,0,1
-14.943175637859213,0.6,0.2,0.6666666666666667,0,0
130.45002059318972,0.6,0.0,0.5,1,1
-160.48611393243618,0.2,0.6,0.0,1,1
29.378544276713452,0.6,0.0,0.33333333333333337,1,1
52.49574676398765,0.4,0.4,1.0,1,0
-109.14636950585076,0.4,0.8,0.0,1,0
-116.03398834983363,0.6,1.0,0.33333333333333337,0,1
-63.15118443907136,0.4,0.6,0.5,0,0
53.05959506420936,0.8,0.4,0.3333333333333333,0,0
58.68729380968125,0.8,0.4,0.3333333333333333,0,1
45.34082410039946,0.4,0.0,0.3333333333333333,1,1
-82.85308160985892,0.6,0.4,0.0,1,0
-25.942472485118746,0.8,0.6,0.25,1,1
180.80624134887896,0.8,0.0,1.0,1,0
-95.68791877065678,0.6,0.8,0.0,0,1
-157.3535020126892,0.2,0.4,0.0,1,1
-11.138526077939332,0.6,0.6,1.0,1,1
73.67228115913326,0.6,0.4,0.6666666666666666,1,1
53.12155855870628,0.6,0.4,0.6666666666666667,1,1
134.44233226930373,0.6,0.4,1.0,0,0
-46.043608463741975,0.8,0.6,0.5,1,1
76.47498383373181,1.0,0.4,0.75,1,0
42.2896817748026,0.6,0.4,0.5,1,0
-75.39699182256254,0.4,0.2,0.3333333333333333,1,1
-8.119356937356542,0.6,0.4,0.75,0,0
-61.89469987722441,0.6,0.8,0.5,1,1
84.77441550612389,0.4,0.4,0.5,0,0
-36.73481354057117,0.2,0.6,0.6,0,0
-28.70896030777294,0.6,0.4,0.25,0,1
-52.53928406695718,0.8,0.4,0.33333333333333337,0,0
87.60905627590637,0.6,0.4,0.75,1,0
0.287851391967024,0.6,0.2,0.25,1,1
20.55955477422617,0.6,0.4,0.5,1,0
-28.2218719658008,0.6,0.4,0.0,0,1
-18.568532499535195,0.4,0.6,0.5,1,0
38.89679082712678,0.0,0.8,0.6666666666666667,1,1
-45.033546938287145,0.8,0.4,0.2,1,1
51.66007989553032,0.4,0.6,1.0,0,1
-10.378656651677602,0.6,0.6,0.6,0,1
-21.167632871708065,0.2,0.2,0.5,1,0
29.12243375961816,0.4,0.6,0.5,0,0
37.49333397953615,0.8,0.4,0.25,1,0
11.759940143950187,0.4,0.8,0.75,0,1
44.77346919152387,0.0,0.4,0.5,0,0
20.731344783642044,0.6,0.4,0.6,1,1
-27.49945554512556,0.6,0.8,0.75,1,0
92.81224126216055,0.4,0.4,0.6666666666666666,1,1
84.28810139907341,0.8,0.0,0.25,1,1
-37.24143158250945,0.4,0.8,0.3333333333333333,0,1
-3.811474482478616,0.4,0.8,0.5,1,1
-47.81320855319518,0.2,0.6,0.6,1,1
-80.67759304880656,0.0,0.6,0.6,1,0
87.35281117990439,0.8,0.4,0.4,1,1
-16.94016942327721,0.4,0.8,0.3333333333333333,1,1
31.30525690039121,0.6,0.6,0.8,1,1
22.233856369821297,0.4,0.0,0.6,1,0
-69.7528697703226,0.2,0.6,0.2,0,0
-25.10095407498761,0.4,1.0,0.4,1,1
-146.03378993313777,0.4,0.8,0.25,1,1
87.17156267771657,0.6,0.2,0.6,0,1
82.0346866805005,0.4,0.0,0.6,0,0
-110.9749589093908,0.2,0.8,0.6,0,1
-96.64671922482673,0.2,0.6,0.6,0,1
43.53972648892,0.2,0.6,0.4,1,1
102.99160918103348,0.8,0.4,0.4,1,0
21.27573909182661,0.6,0.6,0.5,1,0
-36.28232060214168,0.4,0.4,0.5,0,1
3.6834463339710055,0.6,0.6,0.4,1,1
91.23604457779356,0.6,0.4,0.75,0,1
31.83648726346064,0.4,0.4,0.6,1,0
24.23879279093171,0.8,0.4,0.6,1,0
-19.987036903201897,0.6,0.6,0.8,0,0
-42.886213124219466,0.4,0.6,0.6,1,0
-80.15247890703813,0.4,0.4,0.25,0,1
-68.14871337891896,0.6,0.6,0.0,0,0
27.990590209778706,0.4,0.8,0.6666666666666667,0,0
-120.53422094975735,0.4,0.6,0.0,0,1
-49.617850786239615,0.4,0.6,0.5,0,0
13.615564072767484,0.6,1.0,0.3333333333333333,1,1
-26.344192767724508,0.4,0.8,0.4285714285714286,0,1
-6.37233629773209,0.6,0.8,0.5,1,1
101.50905892059473,0.8,0.6,0.8,1,1
4.082530792252783,0.6,0.4,0.16666666666666666,0,0
2.937646159665519,0.5,0.4,0.5,1,0
-25.64965256160258,0.2,0.6,0.5,1,0
58.7667255722979,0.5,0.4,0.5,0,1
-18.908551945593445,0.4,0.4,0.6666666666666667,1,1
0.924098416570132,0.4,0.2,0.4285714285714286,0,1
-42.26004643271949,0.6,0.6,0.4285714285714286,0,0
-150.39115305486962,0.4,0.8,0.0,1,1
29.454489630378475,1.0,0.0,0.5,0,1
-43.20735502008188,0.2,0.4,0.5,0,1
46.28955031897567,0.4,0.6,0.6,0,0
100.30316609822717,0.6,0.0,0.5,0,0
23.46905151368469,0.2,0.4,0.3333333333333333,0,0
74.62720980084009,0.8,0.4,0.42857142857142855,1,1
43.757298130691424,1.0,0.2,0.5,0,0
-10.051173707896396,0.8,0.4,0.5,1,1
-78.6842061889322,0.3333333333333333,0.8,0.5,1,1
45.38591912299034,0.4,0.2,0.5714285714285714,0,0
39.06462292013384,0.6,0.6666666666666666,0.5,0,1
-3.9355977811678713,0.8,0.5,0.5,1,0
-14.949215100003356,0.4,0.4,0.3333333333333333,0,1
14.400462342913444,0.6,0.6,0.4285714285714286,0,1
20.981846583370952,0.6,0.4,0.5,0,0
-0.0696300200288533,0.2,0.6,0.3333333333333333,0,1
-59.31669225171936,0.4,0.6,0.5,1,1
-103.66629207690904,0.4,0.8,0.5,1,0
37.74404787121648,0.4,0.5,0.5,0,1
14.633594848266966,0.4,0.4,0.8333333333333334,0,0
-66.28130409273626,0.4,0.4,0.0,1,0
42.84624530629753,0.6,0.4,0.5,1,0
10.908398152812651,0.4,0.6,0.6,1,0
-105.45152801607946,0.4,0.8,0.4,1,1
33.677858572637206,0.4,0.2,0.5,0,1
21.46339481636187,0.6,0.4,0.5,0,0
20.857066557920238,0.6,0.6,0.5,1,1
51.14928048357592,0.4,0.0,0.5,1,1
79.24375619201055,0.6,0.6,0.42857142857142855,1,1
116.06157390955104,0.6,0.6,0.33333333333333337,0,1
12.51094594838696,0.4,0.4,1.0,0,0
-35.00575215071126,0.4,0.6,0.2857142857142857,1,0
-139.68285571570232,0.0,0.8,0.0,1,0
54.30552459569503,0.6,0.6,0.42857142857142855,0,1
-30.47785376620709,0.4,0.6,1.0,0,1
-12.673758363159775,0.4,0.4,0.5,0,0
74.31674497816721,0.6,0.4,0.5,0,1
-85.58928303137395,0.6,0.8,0.16666666666666663,0,1
107.17035518189208,0.8,0.4,0.5714285714285714,0,1
23.846266092627047,0.8,0.4,1.0,0,1
-0.8056228361308513,0.2,0.0,0.0,1,0
-61.48045002983372,0.6,0.8,0.5,1,0
-7.1715467678207006,0.2,0.2,0.5,1,0
-187.4526273690385,0.0,0.8,0.5714285714285714,0,1
-52.02467116149387,0.6,1.0,0.5,0,0
108.44105051259658,0.8,0.4,0.5,1,1
52.9053709579166,0.4,0.2,0.5,0,0
36.83014153138652,1.0,0.8,0.5714285714285714,1,1
153.68039832963086,0.6,0.2,0.5714285714285714,0,0
-4.389384768412583,0.4,0.4,0.5714285714285714,0,1
-6.4245168705065225,0.4,0.4,0.0,1,1
15.86196397784238,0.4,0.2,1.0,0,0
-99.8710612712664,0.6,1.0,0.42857142857142855,1,1
102.78906799162496,0.8,0.6,0.0,1,1
-61.251198418419335,0.4,0.6,0.5,0,0
92.4228605593844,0.6,0.2,0.5,1,0
29.70939146060664,0.8,0.4,0.7142857142857143,1,0
-50.95806082826744,0.8,0.8,0.5,1,1
-14.632154729324384,0.6,0.4,0.16666666666666666,0,0
-14.298017495733577,0.8,0.6,0.5555555555555556,0,0
45.28527967593004,0.4,0.4,0.8571428571428572,1,1
-9.131024956307556,0.6,0.4,0.375,0,1
28.561461880519342,0.8,0.6,0.5,1,1
66.95889281565678,0.8,0.4,0.5,0,0
46.39063623233688,0.4,0.2,0.5,0,0
134.17801592604064,0.6,0.4,1.0,1,0
7.043317770754129,0.2,0.8,0.5714285714285714,0,1
-114.87405530392584,0.6,0.6,0.5,1,0
94.00641280718332,0.4,0.4,0.2857142857142857,0,1
-5.585754726861524,0.6,0.6,1.0,1,1
25.57876631511931,0.4,0.2,0.4285714285714286,0,1
-75.01241054519278,0.6,0.6,0.5,1,0
-155.56526170406528,0.2,0.6,0.4285714285714286,1,1
110.46096264443554,0.6,0.2,0.625,1,0
44.19321282734245,0.6,0.6,0.42857142857142855,0,1
36.21325430062939,0.6,0.4,0.5454545454545454,0,1
-26.928667975135795,0.4,0.6,0.0,1,1
-20.32921308519667,0.2,0.6,0.5,0,1
-144.64829768689174,0.4,0.6,0.0,0,1
34.86863072700339,0.4,0.4,0.5714285714285714,1,0
50.88419385417456,0.4,0.6,0.5714285714285714,0,0
97.7676865271228,0.6,0.4,0.625,0,0
43.43151696621203,0.6,0.6,0.8571428571428572,0,1
39.13032558819396,0.2,0.6,1.0,0,1
0.3321498322272873,0.4,0.4,0.5,1,0
50.81437860550432,0.6,0.4,0.5555555555555556,0,1
114.25113314006173,0.4,0.6,0.6666666666666666,0,1
-66.50555838999094,0.4,0.4,0.5,0,0
72.05612997366575,0.6,0.6,0.5555555555555556,0,1
57.07447070666467,0.8,0.4,1.0,1,0
101.40929650504064,0.6,0.4,0.375,1,0
-64.74748686849057,0.2,0.6,0.25,0,0
-40.12875090957459,0.4,0.4,0.5,1,0
-19.864498668520355,0.4,0.6,0.5,1,0
-60.32565778046524,0.6,0.4,0.6666666666666666,1,0
37.66391589932368,0.4,0.0,0.5,0,0
-39.54333088499175,0.8,0.6,0.4444444444444444,0,1
142.5458770647806,0.6,0.4,0.8571428571428571,0,0
-48.88915202426119,0.8,0.6,0.4444444444444444,1,1
34.2218718913698,0.8,0.4,0.5,1,1
91.70320863367353,0.4,0.2,0.5555555555555556,1,1
51.65723048640848,0.6,0.8,0.7142857142857143,1,0
-14.080788092913052,0.2,0.2,0.6666666666666666,1,1
-63.08007495922061,0.4,0.8,0.4444444444444444,1,0
58.86569423804872,0.6,0.4,0.5555555555555556,0,0
-118.01515357465132,0.2,0.4,0.33333333333333337,0,0
119.8810091319026,0.4,0.4,0.5555555555555556,1,1
134.92723023499525,0.8,0.2,1.0,1,1
37.58760531576695,0.6,0.2,0.375,0,0
-21.0046543699948,0.6,0.6,0.5555555555555556,1,1
91.0042804145628,0.6,0.4,0.4444444444444444,1,1
-4.461617657633724,0.8,1.0,0.5714285714285714,1,0
-79.01864055362807,0.0,0.2,0.0,1,0
-63.68715728294001,0.4,0.6,0.375,1,0
34.31264301382362,0.8,0.6,0.5555555555555556,0,0
-62.22351187862114,0.4,0.4,0.4,0,0
-130.46196250289177,0.2,0.8,0.4,1,0
-162.27719682248426,0.0,0.6,0.0,1,0
21.866511190536585,1.0,0.6,0.125,0,0
21.737080473030343,0.4,0.8,0.5,1,1
99.725668215332,0.4,0.0,1.0,1,1
100.14549578589072,0.6,0.2,0.6666666666666667,0,1
-7.141508498356416,0.6,0.8,0.5,0,0
-27.95162173993276,0.8,0.6,0.375,0,0
24.32307448893198,0.6,0.8,0.375,0,1
42.53153186674626,0.8,0.6,0.8888888888888888,1,0
-105.65796157184992,0.6,0.8,0.25,1,1
1.7635618149272432,0.6,0.6,0.625,1,0
-107.20597067070024,0.0,0.6,0.125,0,1
-17.28419433563431,0.6,0.4,0.5555555555555556,0,0
-190.09027094263345,0.0,0.6,0.0,0,0
-155.90534613203408,0.2,0.8,0.5,0,1
-94.72523393888493,0.6,0.6,0.5,1,0
-21.04041592395401,0.6,0.6,0.5,0,0
0.3363249189308135,0.6,0.6,0.4,0,1
-62.74366419876401,0.4,0.8,0.4444444444444444,1,0
-24.780330969350643,0.6,0.8,0.33333333333333337,0,1
81.3856871455589,0.8,0.4,0.5555555555555556,1,1
-22.94559660511777,0.6,0.6,0.4545454545454546,0,1
142.43720900551307,0.5,0.0,0.5,0,1
46.32713880018309,0.2,0.4,0.6,0,0
45.3628074671301,0.6,0.4,0.45454545454545453,0,0
-147.19359785708502,0.0,0.6,0.75,1,0
-134.23019829415352,0.4,1.0,0.4444444444444444,0,1
42.39583141653088,0.6,1.0,0.5,0,1
75.04198386589246,0.4,0.2,0.5,1,1
-63.73017796988529,0.6,0.4,0.33333333333333337,0,0
-20.066872973347245,0.6,0.8,0.5,1,1
-157.67917690865056,0.0,0.6,0.0,0,1
-24.273322669468143,0.0,0.5,0.5,1,0
-1.7618646955074837,0.6,0.8,0.5833333333333334,1,1
210.71140869143824,0.6,0.2,0.75,1,1
58.77009544111502,0.6,0.6666666666666666,0.5,1,1
-18.417370318160465,0.4,0.4,0.6666666666666667,1,1
243.83524697178385,0.6,0.2,0.75,0,0
-108.07434908233677,0.4,0.6,0.4444444444444444,0,1
-117.95923020992495,0.4,0.5,0.0,1,0
-89.12014178923869,0.6,0.6,0.4444444444444444,1,1
-115.22167667913618,0.0,0.4,0.4,0,0
12.610981153482951,0.6,0.4,0.5,0,1
-20.79386562550644,0.4,0.6,0.4,1,0
57.15968218831267,0.6,0.8,0.5555555555555556,1,1
-113.31733890704118,0.0,0.6,0.45454545454545453,0,1
111.4633622908973,0.4,0.4,0.4,1,1
101.18672217692324,0.8,0.6,0.6363636363636364,0,1
-24.33434690206832,0.2,0.4,0.5,0,0
222.9411168103684,0.8,0.4,1.0,0,1
8.868246477902403,0.2,0.6,0.2,1,0
85.70396864781742,0.8,0.6,0.5,0,1
24.47980828420441,0.2,0.6,0.5,0,1
-26.28662828524739,0.4,0.6,0.5,0,1
-33.03961310357067,0.6,0.8,0.5,1,1
76.01369174917386,0.8,0.4,0.6363636363636364,0,1
101.26332404946017,0.2,0.2,0.6666666666666666,0,1
-67.62784119968228,0.6,0.6,0.4,1,1
80.81966559210059,0.6,0.6,0.4,1,1
-294.7466841852047,0.2,1.0,0.4,0,0
-90.09582610745792,0.4,0.6,0.5,0,1
-69.43245510481506,0.4,0.2,0.4,0,1
160.09732453313586,1.0,0.4,0.7,1,1
-216.65631890559143,0.0,0.4,0.0,0,0
-7.754120520254446,0.2,0.6,0.5,0,1
31.7284216400592,0.6,0.6,1.0,0,1
-83.75676683002598,0.6,1.0,0.5833333333333333,1,1
177.96478070376747,0.4,0.0,0.75,0,1
-88.34388456361899,0.4,0.6,0.5,1,1
45.51445608854738,0.6,0.6,0.4545454545454546,0,1
54.01305221395,0.8,0.4,0.8181818181818181,1,1
-99.4085736763816,0.6,0.8,0.0,1,0
-37.75436277088284,0.4,0.8,0.3,0,0
-197.84545132986227,0.0,0.4,0.0,0,0
-83.96992822215839,0.4,0.4,0.5555555555555556,1,0
-286.68418664686646,0.0,0.8,0.19999999999999996,1,0
-41.86336691876909,0.2,0.4,0.0,1,0
-26.01111682939859,0.4,0.4,0.45454545454545453,1,1
-98.06732220168352,0.8,0.8,0.33333333333333337,1,1
71.3683787035036,0.8,0.6,0.0,0,1
177.4883984280391,0.6,0.4,0.6363636363636364,1,1
71.73860171063166,0.4,0.2,0.4545454545454546,0,0
53.38135258313105,0.8,0.8,0.5,0,1
235.71687078845912,0.6,0.0,1.0,1,0
47.17670658877523,0.4,0.2,0.5454545454545454,0,1
-29.943813920254343,0.6,0.8,0.0,1,1
-134.6160154509123,0.6,1.0,0.5454545454545454,0,1
-114.02863644440004,0.4,0.6,0.3846153846153846,0,1
-88.39011883958187,0.2,0.0,0.25,1,1
19.972313090205034,0.6,0.6,0.0,0,1
-0.3683186222697259,0.4,0.8,0.38461538461538464,1,1
-19.88855773556452,0.6,0.6,0.5,0,1
43.04012875045055,0.6,0.6,0.5454545454545454,0,1
17.637598762147718,0.6,0.6,0.42857142857142855,0,0
121.0408428868543,0.6,0.4,0.8333333333333334,0,0
-135.29631475697852,0.0,0.4,0.5,0,0
0.0867581109278035,0.6,0.4,0.33333333333333337,0,0
89.63983312556047,0.4,0.6,0.7272727272727273,1,0
-55.65326256891262,0.6,0.4,0.46153846153846156,1,1
132.75949281559997,0.6,0.0,0.5454545454545454,1,0
13.682788125822526,0.4,0.8,0.7272727272727273,0,0
174.58429007648465,0.4,0.2,0.6666666666666666,1,1
34.86823460034066,1.0,0.4,0.0,0,1
-61.08392412008834,0.4,0.4,0.3846153846153846,1,0
63.04334204502061,0.6,0.4,0.5,1,0
100.95885472963003,0.4,0.2,1.0,1,1
25.66634467943709,0.6,0.4,0.4,0,1
-24.406195154650504,0.4,0.6,0.45454545454545453,1,1
-48.085570442015296,0.4,1.0,0.5454545454545454,1,0
-175.9402088856557,0.2,0.4,0.5,0,1
-107.3335125189767,0.4,0.6,0.0,1,0
53.70754694791958,1.0,0.6,0.5833333333333334,1,1
39.76128482279296,0.2,0.2,0.5,1,0
128.23703797797543,0.8,0.4,0.6666666666666666,1,1
-122.5595491830195,0.4,0.4,0.5,0,0
-68.80644386628114,0.0,1.0,0.41666666666666663,0,1
-7.878444031060098,0.4,0.4,1.0,1,1
52.742979096524095,0.6,0.4,0.4545454545454546,0,1
-239.909065907975,0.4,1.0,0.3076923076923077,0,0
14.758598528599803,0.2,0.4,0.5,0,1
-83.81187242046121,0.2,0.2,0.5,1,0
-74.90972587939996,0.8,1.0,0.33333333333333337,0,1
56.03703082838933,0.6,0.4,0.75,1,0
-80.02729604545334,0.2,0.8,0.3846153846153846,1,0
-138.46892789937806,0.2,0.6,0.0,0,0
-70.74244209240487,0.4,0.8,0.5625,0,0
-40.33069263996481,0.2,0.6,0.5,1,0
113.60366890651608,0.8,0.4,0.5,0,0
-13.640742043702176,0.6,0.4,0.6666666666666667,1,0
86.82575340687958,0.8,0.8,0.6428571428571429,0,1
112.84809591775752,0.2,0.2,0.5454545454545454,0,1
-48.13086922276284,0.4,0.6,0.23076923076923078,1,1
-67.75214981693989,0.6,0.6,0.6666666666666667,0,0
180.37656094179533,0.6,0.0,0.5384615384615384,0,1
156.5626756240606,0.8,0.4,0.5714285714285714,1,0
-27.37545218176706,0.4,0.6,0.5,1,0
8.604309973591398,0.6,0.6,0.41666666666666663,0,0
-242.9948840222669,0.0,0.6,0.4166666666666667,0,0
-31.26769723796724,0.4,0.4,0.0,0,1
-85.45392095269472,0.8,0.6,0.3076923076923077,1,1
44.42850931290468,0.8,0.6,0.5384615384615384,0,0
62.88546156154007,1.0,0.4,0.5384615384615384,0,1
105.01933167329388,0.4,0.4,1.0,0,0
229.2738175078869,0.6,0.0,0.46153846153846156,0,1
50.581594882421086,0.6,0.4,0.3333333333333333,0,1
-101.0647626038251,0.4,0.4,0.4666666666666667,0,0
51.72206382591935,1.0,0.4,0.6666666666666666,1,1
258.06663693279734,0.6,0.0,0.6153846153846154,1,1
62.65711055081897,0.8,0.4,0.6153846153846154,1,1
12.739061831641038,0.8,1.0,0.46153846153846156,1,0
5.066859222551102,0.4,0.8,0.47058823529411764,1,1
29.36006530586633,0.4,0.6,0.6153846153846154,1,0
3.0848519187736656,1.0,0.6,0.5714285714285714,1,1
43.531816678623045,1.0,0.8,0.2857142857142857,1,1
265.3052260225916,0.4,0.0,0.7142857142857143,0,1
81.9123405922353,0.6,0.2,0.38461538461538464,1,0
92.86585755230294,0.6,0.4,0.75,1,1
160.71429705323771,1.0,0.4,0.5714285714285714,0,0
-198.28528063881936,0.0,0.4,0.42857142857142855,0,0
-3.032962434295996,0.6,0.4,0.5,1,0
-0.5338359209354167,0.4,0.4,0.6666666666666666,0,0
-15.86548462141991,0.4,0.4,0.3571428571428571,0,1
264.396190690165,0.4,0.0,0.6428571428571428,1,0
-34.75125456950377,0.6,0.6,0.4,0,0
-83.37872573527261,0.2,0.8,0.5,1,0
-56.00167062914716,0.4,0.8,0.4,0,0
155.08440445210795,0.4,0.2,1.0,0,0
-63.61131982182155,0.8,0.8,0.33333333333333337,0,1
-37.408835825672895,0.2,0.0,0.4666666666666667,1,0
-258.60526539210537,0.4,0.8,0.46153846153846156,0,0
-154.81794224460896,0.2,0.8,0.25,0,1
-140.63897939783442,0.2,0.6,0.4375,1,0
-171.88684083853832,0.4,0.2,0.5,0,1
124.67721902031552,1.0,0.2,0.5384615384615384,0,0
10.295734895744545,0.2,0.4,0.5,1,1
74.7952477482977,0.8,0.2,0.5714285714285714,1,1
-94.2347016935305,0.6,0.4,0.4166666666666667,0,0
46.26380794375382,0.2,0.4,0.5,1,0
21.315563487422423,0.8,0.6,0.6428571428571429,0,1
-51.354787015895454,0.4,0.8,0.33333333333333337,1,1
-35.13946116327702,0.4,0.8,0.6,0,1
-139.31979236443908,0.6,0.2,0.4,1,1
-121.69926146367538,0.4,0.6,0.4666666666666667,1,1
-124.82833042584524,0.4,0.6,0.19999999999999996,0,1
-52.90748703596614,0.0,0.6,0.5333333333333333,0,0
147.9556781134122,0.6,0.6,0.6,0,1
93.45894135977004,0.6,0.6,0.5882352941176471,1,1
67.27004089312527,0.4,0.6,0.6,0,1
171.19430552186418,0.8,0.4,0.4666666666666667,0,1
23.706313112577163,0.6,0.0,0.3571428571428571,0,1
227.19112084131075,0.4,0.4,0.5714285714285714,1,1
41.7537727144836,0.6,0.6,0.6666666666666666,1,0
51.98947583473091,0.6,0.8,0.5263157894736842,1,0
149.09208741489488,0.6,0.0,0.625,0,1
-158.7655033681226,0.2,0.6,0.2,0,0
68.52987781766251,1.0,0.8,0.5625,0,0
64.32219543241217,0.4,0.4,0.625,1,1
85.72882745681227,0.8,0.0,0.6,1,1
-251.2437492610611,0.2,0.4,0.2666666666666667,0,1
-94.29874996780744,0.0,0.8,0.6,0,1
-55.6781732364293,0.8,0.8,0.6666666666666667,0,1
35.929633229409774,0.8,0.6,0.5,1,0
-80.17715095028052,0.2,0.6,0.5,1,1
-125.88011888537494,0.2,0.4,0.4,1,0
-50.79914157775647,0.6,0.8,0.4,1,0
-0.25371301927089,0.6,0.8,0.5,0,0
-9.475723919596476,0.6,0.4,0.5,1,1
32.430127799944785,0.4,0.8,0.6111111111111112,1,1
17.71948550668094,0.8,0.6,0.5238095238095238,0,1
133.45488645018577,0.8,0.5,0.5,1,0
195.42652594190145,0.6,0.2,0.6,1,1
-44.73998871629988,0.2,0.5,0.5,0,0
14.970409205949863,0.6,0.6,0.6,0,1
-16.18146943995498,0.6,0.8,0.3125,0,0
-7.909438191936033,1.0,1.0,0.5,0,1
-57.00840761174891,0.2,0.2,0.4375,1,1
-71.34022717896733,0.4,0.4,0.33333333333333337,1,0
96.53470068239426,0.8,1.0,0.5,0,0
151.50720582383815,0.6,0.4,0.6153846153846154,0,0
-82.78919250931472,0.2,0.5,0.5,0,1
-110.45785960200874,0.2,0.6,0.33333333333333337,1,1
-150.46867997437175,0.4,0.4,0.35294117647058826,0,0
53.74945139004262,0.4,0.6,0.5294117647058824,1,1
33.670337725300215,1.0,0.2,0.5,0,0
-32.545231053565885,0.3333333333333333,0.4,0.5,1,0
-173.66867812618648,0.6,0.4,0.5,0,1
101.54978237010825,0.4,0.2,0.6666666666666667,1,1
0.2989838496293941,0.75,0.4,0.5,0,1
-131.14282056466777,0.25,0.6,0.5,0,0
-154.22225119560312,0.2,0.4,0.5,1,0
84.96081610993815,0.6,0.2,0.5,0,0
-100.2293394996998,0.8,0.8,0.5,1,0
-27.54781513403759,0.4,0.8,0.7058823529411764,1,1
-79.74543780038266,0.2,0.8,0.0,0,0
-158.00473609669666,0.6,0.6,0.375,0,1
9.32216826648778,0.6,0.4,0.33333333333333337,0,1
-133.8793312921589,0.2,0.6,1.0,0,0
160.7962561539441,0.8,0.2,1.0,1,0
-71.29640758290134,0.2,0.6,0.5,0,0
89.90548510172766,0.6,0.8,1.0,0,0
150.19555190615483,0.6,0.4,0.6666666666666667,0,1
21.87649581004075,0.8,0.2,0.5,0,0
11.690816282923606,0.8,0.6,1.0,1,1
13.140308472138258,0.2,0.4,1.0,1,1
-37.583251007017225,0.2,0.6,0.5294117647058824,0,1
55.29067648465525,0.8,0.8,0.5714285714285714,1,0
80.2314431845673,0.6,0.4,0.5,0,0
-60.530406342342985,0.4,0.4,0.625,1,0
-115.74800863137602,0.4,0.8,1.0,0,0
-76.81782929894212,0.4,0.6,0.4444444444444444,0,0
141.07108536301803,0.8,0.4,0.8333333333333334,0,0
176.3478567788684,0.8,0.4,0.5294117647058824,1,0
-29.587082187437773,0.4,0.4,0.0,0,1
126.06798629671972,0.4,0.2,1.0,0,1
115.32196444344528,0.6,0.6,0.47058823529411764,0,1
-110.79615518279024,0.6,0.8,0.2857142857142857,1,0
63.63470478874365,0.6,0.6,0.5294117647058824,0,0
-18.115781653338445,0.2,0.4,1.0,1,1
98.3245927893156,0.8,0.4,0.4117647058823529,0,1
-49.86797359669663,0.2,0.6,1.0,1,1
-135.52124535498092,0.2,0.8,0.2857142857142857,1,1
24.542964403476617,0.4,0.4,0.0,0,1
-58.73427024405351,0.4,0.6,1.0,1,1
-5.099117745116473,0.4,0.6,0.7142857142857143,0,1
-90.56848229549588,0.4,0.8,0.42857142857142855,0,0
-10.579627845739424,0.6,0.8,0.5,0,0
-27.370494637818865,0.4,0.4,0.25,0,1
-16.262017377766824,0.6,0.4,0.0,0,0
10.091838961159963,1.0,0.6,0.5714285714285714,0,0
22.83739243841524,0.6,0.8,0.5,0,1
-75.16616430245585,0.5,0.4,0.5,1,1
-24.36845121212445,0.4,0.4,1.0,0,0
-103.33391547027736,0.2,1.0,0.5,1,1
98.50927798303633,0.6,0.4,0.6,1,1
-6.516407488726827,0.4,0.4,0.7222222222222222,1,1
93.05937791892096,0.8,0.4,1.0,1,1
-123.35218934868658,0.4,0.6,0.5555555555555556,0,1
60.40716034805223,0.5,0.2,0.5,1,0
-40.96210525330844,0.4,1.0,0.5,1,1
87.82286990962325,0.4,0.4,0.6842105263157895,1,1
16.301086394986214,0.2,0.3333333333333333,0.5,1,1
-51.33876515982456,0.4,0.6,0.42105263157894735,0,0
11.020801816210223,0.4,0.4,0.4444444444444444,1,1
-37.12852782759092,0.6,0.8,0.6666666666666666,0,1
92.0060853487771,0.6,0.2,0.0,1,1
60.16248015435258,0.2,0.25,0.5,1,0
-103.09197758266988,0.6,0.6,0.4117647058823529,1,0
146.819888738519,0.6,0.4,0.75,0,1
-6.477762770762865,0.2,0.2,0.3333333333333333,1,0
125.81518363616716,0.6,0.4,0.625,1,1
-194.44297845154483,0.4,0.8,0.5,0,0
103.0828894991962,0.8,0.2,0.33333333333333337,0,0
172.53271237282,1.0,0.4,0.5,0,1
-113.9752296181166,0.4,0.6,0.5,1,1
44.58909808416479,0.6,0.4,0.5,0,1
91.5056384923721,0.4,0.2,0.5,1,0
127.38034055956656,1.0,0.4,0.0,1,0
-54.2397673889684,0.6,0.8,0.5,0,0
23.430012486979194,0.2,0.4,0.75,0,0
151.82927805286795,0.8,0.4,0.6111111111111112,1,1
-143.18430894001654,0.2,0.4,0.2222222222222222,1,0
21.82001913123395,0.6,0.2,1.0,0,1
-9.229122089319844,0.2,0.2,0.5263157894736843,1,1
-17.205762027018864,0.6,0.8,0.30000000000000004,0,1
134.48579391947396,0.8,0.2,0.6,0,1
26.091783121948534,0.8,0.4,0.0,1,1
-186.6831966758391,0.0,0.8,0.3333333333333333,1,1
44.11696068283595,0.6,0.8,1.0,0,0
-46.64015950434009,0.2,0.4,0.5,1,1
25.855689592669705,0.2,0.4,0.42105263157894735,1,0
-162.1689509128355,0.4,0.8,0.47368421052631576,1,0
18.618527004403404,0.6,0.8,0.0,1,0
-119.99683591519056,0.0,0.6,0.4736842105263158,0,0
-11.551168403535256,0.6,0.4,0.6666666666666667,0,0
-67.21870728981321,0.4,0.8,0.4444444444444444,0,1
-137.6274279273648,0.6,0.6,0.3,0,1
34.86906550948538,0.4,0.4,0.33333333333333337,0,0
146.76554331194325,0.6,0.6,0.5263157894736843,1,0
-110.50601504318296,0.6,0.8,1.0,1,1
-114.80058914273422,0.4,0.6,0.0,0,0
-30.806643174159944,0.4,0.4,0.2631578947368421,1,0
70.39138212282796,0.8,0.8,0.0,1,1
49.87980154200886,0.8,0.0,0.375,0,0
33.39008454939221,0.6,0.8,0.0,1,0
49.56904572451867,0.6,0.2,0.36363636363636365,0,0
24.17632996305861,0.4,0.4,0.75,1,1
13.212609648511716,0.4,0.8,0.0,1,1
30.01104811598248,0.6,0.4,0.5454545454545454,0,0
-3.7459261124668046,0.6,0.6,0.45,0,0
-89.85067361128972,0.2,0.4,0.44999999999999996,0,0
-43.741849745398895,0.4,0.4,0.5714285714285714,0,0
-44.76054409264475,0.4,0.6,0.375,0,0
62.54585476245416,0.2,0.4,0.625,0,1
10.047475567773516,0.6,0.6,0.5,0,0
44.84249888579825,0.6,0.2,0.6,0,0
141.0153584164891,0.4,0.4,0.55,0,0
-60.379455224560616,0.4,0.8,0.6666666666666666,0,0
67.08411824190148,0.4,0.4,0.4666666666666667,0,1
-145.67656143292356,0.6,0.6,0.375,0,1
68.10706354230342,0.4,0.4,0.631578947368421,0,1
110.041932665569,0.4,0.4,0.6190476190476191,0,1
-1.374522697271459,0.6,0.4,0.5384615384615384,0,0
-124.30116958106282,0.6,0.8,0.2,1,1
67.97446334166625,0.6,0.4,0.6470588235294118,0,1
11.537616871496311,0.2,0.4,0.35294117647058826,0,0
44.77543475501625,0.6,0.6,0.6666666666666667,0,0
11.093677003905896,0.6,0.6,0.6666666666666666,0,1
57.00183582262457,0.4,0.4,0.625,1,0
99.65634732213448,0.8,0.2,0.5714285714285714,0,1
28.809386394875677,0.6,0.2,0.5454545454545454,0,1
-167.9813184182749,0.4,0.8,0.368421052631579,0,0
50.921162046603285,0.6,0.8,0.7272727272727273,0,1
-119.86300042736777,0.2,0.4,0.35,0,1
94.37341926884596,0.8,0.2,0.4782608695652174,0,0
76.95571567942079,0.6,0.6,0.5,1,1
-74.31046071899618,0.4,0.4,0.4285714285714286,0,0
168.3008548927021,0.6,0.4,0.6875,0,1
-124.11017982584464,0.2,0.4,0.36363636363636365,0,1
-85.33842340159913,0.2,0.4,0.35294117647058826,0,1
87.23414903993012,0.8,0.6,0.6470588235294118,0,0
-5.188850695222982,0.8,0.4,0.5,0,0
-167.46712914410227,0.4,0.6,0.4,1,0
-145.38373795860434,0.4,0.6,0.35,0,0
-1.1165780141889172,0.4,0.6,0.7619047619047619,0,1
-15.295915469768715,0.2,0.6,0.6428571428571428,0,0
185.234745166046,0.8,0.4,0.5555555555555556,0,1
-45.88801907729385,0.2,0.6,0.6,1,1
30.986262267381107,0.6,0.4,0.7727272727272727,0,1
-193.3313443297509,0.4,1.0,0.36363636363636365,1,0
107.35281871081791,0.6,0.4,0.6666666666666666,1,0
10.00429890658188,0.4,0.4,0.6363636363636364,0,1
0.3797570582776188,0.4,0.2,0.3333333333333333,0,0
57.41315683617836,1.0,0.4,0.2857142857142857,0,0
59.037912282804655,0.8,0.4,0.5882352941176471,0,0
43.69554469801665,0.2,0.4,0.5714285714285714,0,0
4.255467465497077,0.6,0.6,0.5,0,0
84.99236047049158,0.6,0.2,0.5238095238095238,0,1
-156.90083897505565,0.6,0.8,0.4,0,1
-186.38494803581807,0.2,0.6,0.2941176470588235,0,1
32.065089770760096,0.6,0.6,0.5,1,1
51.15654803477037,0.6,0.6,0.3846153846153846,1,0
-130.65877530955913,0.4,0.8,0.47619047619047616,1,1
-117.35325694643848,0.2,0.4,0.4117647058823529,0,0
-7.884912812395669,0.4,0.6,0.25,0,0
31.947897409917918,0.6,0.8,0.5333333333333333,0,1
-15.691213811479656,0.2,0.8,0.3571428571428571,0,1
-22.43669395632287,0.2,0.6,0.2222222222222222,0,0
-146.0366998204952,0.6,0.8,0.33333333333333337,0,0
2.784832601738344,0.2,0.8,0.4,0,0
-54.061721956144765,0.5,0.6,0.5,0,1
-70.09343858188458,0.0,0.6,0.375,0,1
-116.41912539025792,1.0,0.8,0.5,1,0
111.3283884484647,0.8,0.2,0.6521739130434783,0,1
66.02922933975083,0.4,0.6,0.6086956521739131,0,1
-50.13295585836818,0.4,0.2,0.4444444444444444,1,0
84.74288722879874,0.4,0.2,0.5454545454545454,0,0
152.81688418808812,1.0,0.2,0.631578947368421,0,1
113.88260266865746,0.4,0.4,0.5454545454545454,0,1
-23.967606198986005,0.4,0.5,0.5,0,1
-37.88710082382909,0.2,0.2,0.47058823529411764,0,0
-126.34302018497216,0.4,1.0,0.5416666666666667,0,1
-90.84863489534064,0.3333333333333333,0.6,0.5,0,0
-165.88647719593337,0.0,0.8,0.40909090909090906,0,0
132.75525935013297,0.8,0.6,0.6111111111111112,1,1
-42.95963572151686,0.4,0.6,0.4166666666666667,0,1
-56.15089473473904,0.0,0.25,0.5,0,0
-108.3678316133594,0.2,0.8,0.4375,0,0
84.7204932965933,0.6,0.6,0.75,0,0
-26.382036643520905,0.8,0.8,0.38888888888888884,0,0
-57.871554218783785,0.6,0.6,0.4782608695652174,0,0
-171.86776907227,0.2,0.8,0.35,0,0
110.46238953995726,0.8,0.4,0.5,0,0
88.03198716985094,0.6,0.0,0.5454545454545454,0,0
103.7202118664261,0.8,0.2,0.5555555555555556,0,0
-85.55234935082831,0.6,0.8,0.368421052631579,0,0
-42.51378990075182,0.4,0.6,0.0,0,1
-132.0132095698259,0.2,0.6,0.375,0,0
-21.478847573333496,0.4,0.4,0.4117647058823529,0,1
141.7425091747657,0.8,0.4,0.8,1,0
40.28569852142664,0.8,0.6,0.0,1,1
-150.65374325642506,0.2,0.4,0.3913043478260869,0,1
103.7793494003929,0.8,0.4,0.5263157894736842,0,0
-22.69065004778736,0.4,0.6,1.0,0,0
-12.807023097531555,0.2,0.4,0.625,0,0
-215.76056072643317,0.4,0.8,0.31818181818181823,0,1
-29.502127048490134,0.4,0.8,0.5,0,0
-57.12688300736886,0.4,0.6,0.2727272727272727,0,0
-12.958915964869902,0.6,0.4,0.4782608695652174,0,1
43.93124378185325,0.0,0.4,0.5882352941176471,0,0
-80.93874371155266,0.6,0.6,0.56,0,1
56.15417095850648,0.4,0.6,0.6,0,0
63.6107754551133,0.8,0.8,1.0,1,1
-70.8825558359822,0.0,0.6,0.21739130434782608,0,1
80.65632954240141,0.4,0.2,0.6923076923076923,0,1
66.5231004286793,0.4,0.8,1.0,0,1
-82.54299368929514,0.2,0.2,0.3333333333333333,0,0
-22.344808025813336,0.6,0.6,0.0,1,0
85.87610907429939,0.6,0.6,0.5833333333333333,0,0
201.0639252788667,0.4,0.2,0.631578947368421,0,0
-20.17443214590276,0.4,0.6,0.25,0,0
34.38951747202782,0.4,0.6,0.4230769230769231,1,0
-25.81562637741717,0.4,0.8,0.5,0,0
-20.757996009340783,0.8,0.4,0.0,0,0
-14.277624162645225,0.6,0.4,0.5925925925925926,1,1
19.036653877552453,0.8,0.4,0.6071428571428572,0,0
-31.310529425343702,0.8,0.2,0.46153846153846156,0,1
-103.12478333029844,0.6,0.4,0.33333333333333337,0,1
67.67827285064186,0.6,0.4,0.76,0,1
-44.71734738637451,0.2,0.8,0.5,0,1
-30.45268821859031,0.6,0.4,0.0,0,1
-13.58680482502632,0.2,0.4,0.4117647058823529,1,0
-49.49555113206702,0.4,0.6,0.4444444444444444,0,0
-90.60854411099308,0.2,0.6,0.33333333333333337,0,1
-11.16622574085909,0.6,0.8,0.5555555555555556,0,1
143.9491206618793,0.8,0.4,0.5416666666666667,0,1
-66.18301273209363,0.2,0.4,0.25,1,1
9.677862042271954,0.6,0.6,1.0,0,1
38.0961254616218,0.6,0.6,0.5555555555555556,1,0
93.1177398360685,0.8,0.4,0.46153846153846156,1,1
-98.44311238653928,0.4,0.2,0.4,1,0
67.44289438085207,0.6,0.6,1.0,0,1
122.78056982415706,0.8,0.4,0.5,1,1
-33.54050286013626,0.4,0.4,0.35,1,1
70.05559874695882,0.4,0.4,0.7142857142857143,1,1
88.34405942625745,0.6,0.4,1.0,0,1
118.42741694396682,0.6,0.2,0.6799999999999999,1,1
-55.58942351982773,0.6,0.2,0.34782608695652173,1,1
-43.55929476789424,0.8,0.8,0.5,1,0
41.44352209102226,0.6,0.2,0.5454545454545454,1,0
-49.33824958389641,0.6,0.8,0.41666666666666663,1,1
20.56018075690713,0.2,0.6,0.6923076923076923,1,1
80.47420522207926,0.6,0.2,1.0,1,1
108.84224539913976,0.6,0.0,0.48,1,0
-113.26922062083143,0.6,1.0,0.23076923076923078,1,0
-51.57422614311531,0.4,0.8,0.75,1,0
-17.453197026212138,0.2,0.6,0.5263157894736842,1,0
55.17250983490885,0.4,0.2,0.6363636363636364,1,0
168.5141018143354,0.8,0.2,0.5,1,0
7.520963850413182,0.4,0.6,0.56,1,0
0.373647886703111,0.4,0.4,0.5,0,0
-153.90642952448025,0.2,1.0,0.41379310344827586,0,0
-71.80533402094738,0.4,0.6,0.0,0,1
-45.44203355102559,0.4,0.4,0.26666666666666666,0,1
36.88272042527706,0.8,0.2,0.375,1,0
197.39909654761027,1.0,0.4,0.5238095238095238,1,0
51.48018046424454,0.4,0.6,0.6923076923076923,0,0
-75.48420804664897,0.4,0.4,0.5,0,1
-129.17623545089646,0.6,0.8,0.36,0,0
-5.074157790197205,0.2,0.4,0.38095238095238093,0,0
-1.5709953040468465,0.8,0.4,0.42105263157894735,0,0
0.6853502842186572,0.4,0.4,0.5,0,0
-113.84430826951689,0.4,0.8,0.3333333333333333,0,0
-18.49191350523256,0.2,0.6,0.5789473684210527,0,1
-51.54123258157665,0.8,0.4,0.38095238095238093,0,0
-41.04824285364657,0.4,0.2,0.0,0,0
145.38915119376657,0.8,0.6,0.5,0,0
99.27011071554556,0.6,0.2,0.75,0,1
-67.82634308022398,0.2,0.8,0.4666666666666667,0,0
-23.005768689327624,0.2,0.8,0.4,1,1
-105.310027944191,0.4,0.6,0.2,1,0
204.3131945223072,0.8,0.0,0.6538461538461539,0,0
4.872080961056099,0.6,0.4,0.6,0,0
-28.711182397619268,0.4,0.8,0.6111111111111112,0,1
-2.844122520163637,0.5,0.6,0.5,0,1
114.6496243394447,0.6,0.6,0.7777777777777778,0,1
-34.824378211139674,0.2,0.6,0.4375,0,1
76.09265516043365,0.6,0.4,1.0,0,0
-19.098205299723304,1.0,0.6,0.5,0,0
149.0790472283809,0.6,0.4,0.4666666666666667,1,1
-12.249379606533466,0.4,0.4,0.46153846153846156,1,1
-42.34698716158709,0.5,0.4,0.5,0,0
44.18818728771362,0.8,0.6,0.6086956521739131,0,1
113.03751219842844,0.8,0.6,0.8333333333333334,1,0
-15.370126489431414,0.3333333333333333,0.2,0.5,1,0
56.42126055685185,0.8,0.4,0.6363636363636364,0,1
-36.59721036539304,0.4,0.6,0.5,0,0
177.76668374649876,0.6,0.25,0.5,0,0
16.615382647168644,0.4,0.2,0.6,0,0
34.64636284095468,0.8,0.8,0.64,1,1
17.4808579360772,0.4,0.2,0.5,0,0
-49.75066522144266,0.8,0.6,0.0,0,1
-74.54765807690524,0.2,0.8,0.2857142857142857,1,0
-65.64910143896282,0.2,0.6,0.33333333333333337,0,0
-131.25431221443705,0.4,0.4,0.5,0,0
-68.57740931096009,0.2,0.8,0.5,0,1
-31.3327588022064,1.0,0.6,0.4,0,0
-20.59162260259245,0.4,0.2,0.46153846153846156,0,1
-75.67143064491916,0.4,0.6,0.0,0,0
-60.45470321245716,0.8,0.6,0.3870967741935484,1,1
46.34407582405333,0.6,0.2,0.4814814814814815,1,0
16.40844939568842,0.4,0.4,0.0,0,1
-97.70425670400596,0.2,0.8,0.5,1,0
132.28655819816777,0.4,0.4,0.7857142857142857,0,0
-99.24365101729222,0.4,0.8,0.34615384615384615,0,0
-6.735129496920308,0.4,0.2,0.0,0,1
80.7721397906364,0.8,0.6,0.8,0,1
-111.92207385594452,0.2,0.4,0.37037037037037035,0,1
-99.0806975364253,0.6,0.8,0.34782608695652173,1,0
44.12739278364438,0.6,0.2,0.5,1,0
-103.11340647030056,0.4,0.4,1.0,0,0
99.82579876284012,0.8,0.6,0.75,0,0
-32.93637730467344,0.4,0.4,0.47619047619047616,0,0
-153.93887297620336,0.2,0.8,0.2666666666666667,0,0
55.74122881335256,0.6,0.4,1.0,0,0
169.6828033265847,0.8,0.4,0.625,0,0
11.268007240033512,0.4,0.8,0.7142857142857143,0,0
40.48606501117752,0.4,0.4,0.0,1,1
-43.01476184198623,0.2,0.6,0.368421052631579,1,0
12.418826606000266,0.8,0.8,0.5,0,0
-89.00061308840009,0.4,0.2,0.4782608695652174,0,0
-93.02305255459646,0.2,0.6,0.5294117647058824,0,1
122.58230897428484,0.6,0.4,1.0,0,0
42.8476155863043,0.6,0.2,0.5714285714285714,0,1
94.71722243131876,0.8,0.6,0.8,0,0
121.01917191130656,0.4,0.4,0.5,1,1
21.889543165962323,0.6,0.4,0.5714285714285714,0,0
7.985830521503885,0.8,0.6,0.4642857142857143,1,0
28.814740653968784,0.4,0.8,0.6,0,0
23.614701810001407,0.4,0.8,0.6666666666666666,0,1
53.4430505115497,0.4,0.8,0.68,0,0
38.87704130834936,0.6,0.4,0.625,0,0
31.056852462363395,0.6,0.6,0.5,0,0
0.0,0.5,0.5,0.5,0,0
4.646190031395236,0.2,0.4,0.4666666666666667,0,1
63.02765961357591,0.8,0.4,0.5517241379310345,0,0
109.66093505674372,0.4,0.0,0.5,0,0
-40.36055976100033,0.6,0.6,0.5,0,0
-69.52376517315247,1.0,0.4,0.5,0,1
-104.08766845759556,0.4,0.6,0.45833333333333337,0,1
-69.05173309379575,0.6,0.4,0.5,0,1
56.35978210112512,0.5,0.2,0.5,0,1
-27.542883862387043,0.6,0.4,0.45454545454545453,0,0
-4.200257182601945,0.4,0.6,0.7586206896551724,0,0
48.04827642455848,0.2,0.6666666666666666,0.5,0,0
-12.300490637894882,0.6,1.0,0.5,0,0
118.53145705197812,0.4,0.2,0.75,0,0
4.6940019527196455,0.4,0.6,0.6071428571428571,0,0
-40.02139988115573,0.2,0.6,0.5,0,1
-45.84654665133371,0.4,0.75,0.5,0,1
94.2352399095514,1.0,0.4,0.5,0,0
-31.518374179568127,0.2,0.6,0.6666666666666666,0,1
-28.731902138072652,0.6,0.2,0.5,0,1
21.589926511392378,0.75,0.6,0.5,0,1
93.75740625762433,0.6,0.4,0.65,0,0
-0.421689805221149,0.6,0.0,0.5,0,1
-19.552317462288784,0.6,0.4,0.33333333333333337,0,1
27.935176155072213,0.6,0.6,0.5,0,0
4.460583740827815,0.2,0.8,0.5,0,0
-56.37590361275511,0.6,0.4,0.40909090909090906,0,1
28.912682551461103,0.8,0.8,0.5,0,1
-41.63910295927144,0.4,0.4,0.0,0,0
-30.80159556254216,0.0,0.2,0.59375,0,0
-50.85868973703714,0.6,0.4,0.16666666666666663,0,1
30.00713730350753,0.8,0.4,0.5,1,1
63.925090156501255,0.8,0.8,0.4444444444444444,0,0
31.53080104155833,0.6,0.0,1.0,0,1
-54.83430099745078,0.4,0.4,0.6666666666666667,0,1
-28.44869262203315,0.6,0.6,0.43478260869565216,0,1
-43.18595805595646,1.0,0.8,1.0,0,0
-27.926106530278048,0.2,0.4,0.4285714285714286,0,0
22.440502611432294,0.6,0.4,0.5,0,1
-48.41161853634594,0.4,0.8,0.5,1,0
74.28599780263266,0.8,0.0,0.48,0,0
-10.300465077350736,0.6,0.6,1.0,1,1
10.71636184055319,0.4,0.8,0.7058823529411765,0,1
26.372608187569085,0.6,0.0,0.4347826086956522,0,0
107.09066814698237,1.0,0.4,1.0,1,0
-17.19076672957317,0.4,0.6,0.3214285714285714,0,1
39.63238032405343,0.4,0.6,0.5714285714285714,0,1
-90.1657650956804,0.2,0.8,0.5,0,1
6.303360783962262,0.4,0.6,0.5,1,0
46.32111552048673,0.8,0.2,0.5,0,1
55.51265006979884,0.4,0.4,0.42105263157894735,1,1
-28.876474477278407,0.4,0.6,0.5,0,1
-7.554934047639335,0.2,0.4,0.26666666666666666,0,1
-16.48221022986104,0.6,0.8,1.0,1,1
-12.29062590489616,0.6,0.4,0.2857142857142857,0,0
48.97848239512109,0.6,0.4,0.42424242424242425,0,0
-56.874398464114165,0.4,0.4,0.6666666666666666,0,1
46.07552848965042,0.4,0.2,0.6190476190476191,1,1
-52.411302567417806,0.4,0.6,0.0,1,0
-50.63776163433317,0.4,0.8,1.0,1,1
35.40597841371414,0.6,0.6,1.0,0,1
-53.06595157342576,0.0,0.6,0.47058823529411764,0,1
8.767477131835221,0.6,0.6,1.0,1,1
53.84151692759156,0.6,0.4,1.0,1,0
-16.658917108726655,0.4,0.4,0.6,1,0
73.19502063446771,0.6,0.6,0.4444444444444444,0,0
-25.254863172257046,0.2,0.4,0.6666666666666667,1,0
-29.268162952258763,0.6,0.4,0.0,0,0
-2.0231960851490385,0.6,0.6,1.0,0,1
43.094814809707714,0.8,0.6,0.5416666666666667,0,0
-40.6043500387882,0.6,0.6,0.0,1,0
-105.18780996724604,0.2,0.8,0.0,0,0
0.258636433392212,0.6,0.6,0.33333333333333337,0,1
-6.387110312432696,0.4,0.6,1.0,0,1
69.44545623266708,0.6,0.2,0.5,0,1
-40.35306704225809,0.6,0.6,0.5862068965517241,0,0
-72.99488578424916,0.2,0.4,0.0,0,1
-80.99140930639396,0.4,0.8,0.0,0,0
-11.368313174274135,0.6,0.6,0.3333333333333333,0,1
-66.19370764681503,0.4,0.6,0.5333333333333333,0,1
-88.36622557314945,0.2,0.4,0.0,1,0
9.46805728611389,0.4,0.4,0.25,0,1
-4.926535105217454,0.4,0.2,0.5882352941176471,0,0
104.26382188912385,0.8,0.6,1.0,1,0
112.30428380505714,0.8,0.2,0.5,0,0
-1.6706100870408136,0.6,0.6,1.0,0,0
20.280106899762814,0.2,0.4,0.4,0,0
24.4035248251746,0.6,0.4,0.42307692307692313,0,1
-74.85414694424844,0.6,0.8,0.5,0,0
-82.22159699050667,0.4,0.6,0.36363636363636365,0,1
46.14389814476385,0.4,0.0,0.4285714285714286,0,1
49.6213557308854,0.6,0.6,1.0,0,0
21.25666233010611,0.4,0.4,0.2903225806451613,0,0
57.69671107184422,0.8,0.6,1.0,0,0
-41.78373855397968,0.4,0.4,0.6551724137931034,0,1
38.5080068678501,0.6,0.4,0.5,0,1
-29.649096683751168,0.6,0.8,0.0,0,1
-6.192709677998664,0.4,0.6,0.25,0,1
31.75201984837463,0.4,0.0,0.375,0,0
-58.34109662138053,0.4,0.6,0.2777777777777778,0,0
32.71797420210646,0.6,0.6,1.0,1,1
-12.773327886496872,0.4,0.6,0.6666666666666667,0,1
49.09437346841378,0.8,0.4,0.6538461538461539,0,1
-15.276448731756773,0.4,0.6,0.52,0,1
39.08758539573478,0.2,0.4,0.625,1,1
97.75945933901426,0.6,0.6,0.0,0,1
-88.4521276489636,0.2,0.6,0.5483870967741935,0,1
-6.280002113761384,0.6,0.8,0.4444444444444444,1,1
15.643436395312849,0.6,0.4,0.5,0,1
-130.9418772599047,0.2,0.6,0.5,0,0
-67.50259799351147,0.4,0.4,0.33333333333333337,1,1
13.633934623059076,0.6,0.4,0.25,1,0
56.66798345117377,0.6,0.6,0.46153846153846156,1,0
-24.418422122413403,0.6,0.6,0.6666666666666667,1,1
-149.11372267930892,0.4,0.8,0.0,1,1
14.776488828634456,0.6,0.6,0.75,0,0
27.05415387309017,0.2,0.4,0.6086956521739131,1,1
-70.67042892669292,0.4,0.6,0.25,1,0
21.524736626897266,0.6,0.6,0.5714285714285714,0,0
51.057162447511246,0.6,0.6,0.5,1,0
87.29847729231324,0.2,0.2,0.5294117647058824,1,0
75.72467483922014,0.8,0.4,1.0,0,1
22.122690225677843,0.4,0.4,0.5,1,0
19.0322039755722,0.6,0.4,0.43333333333333335,0,0
7.811213842732741,0.6,0.8,0.5555555555555556,1,1
6.2240557347547565,0.6,0.2,0.5833333333333334,0,0
-98.9558149780728,0.6,0.8,0.5,0,1
-75.31888947952575,0.4,0.4,0.0,1,0
-7.614762126165715,0.4,0.6,0.0,0,1
-1.20697880953594,0.4,0.4,0.5384615384615384,1,1
51.081119897027975,0.6,0.6,0.6666666666666666,1,0
168.32448382520693,0.6,0.4,0.5,0,1
-9.755697746338,0.4,0.8,1.0,0,1
-25.086471107011675,0.4,0.4,0.8,0,1
-99.94585805918632,0.4,0.4,0.55,0,0
-6.721748914089176,0.4,0.2,0.5,0,0
19.953672805731912,0.4,0.6,0.6,1,1
48.65674858164402,0.6,0.6,1.0,0,1
-114.11804948190728,0.2,0.6,0.4736842105263158,0,0
-74.46411150558424,0.6,0.6,0.5,0,0
-91.97677410202846,0.6,0.8,0.0,0,1
-25.990562771613213,0.6,0.6,0.0,1,1
47.69475369110933,0.6,0.8,0.3333333333333333,0,1
65.51517235081769,0.6,0.8,0.75,0,0
-88.1618916538082,0.5,0.8,0.5,1,0
9.828453538996428,0.4,0.2,0.8333333333333334,0,0
85.7559364288079,0.6,0.2,0.625,0,1
-37.58739659160688,0.4,0.6,0.6666666666666667,1,1
56.34746603484064,0.6,0.6,0.5,0,1
17.571730802648972,0.4,0.0,0.5,0,0
-28.95418950061048,0.8,0.6,0.4,0,1
-138.04861988726088,0.0,0.4,0.44999999999999996,0,1
62.45101492500908,0.6,0.2,0.33333333333333337,0,1
-13.120242925437651,0.5,0.6,0.5,0,0
58.32190736884945,0.6,0.4,0.6666666666666666,1,1
-148.2015099162154,0.2,1.0,0.36363636363636365,1,1
-181.87833525650444,0.2,0.4,0.33333333333333337,1,0
-34.18020797461645,0.4,0.8,0.5555555555555556,0,0
71.0118010666913,0.6,0.3333333333333333,0.5,0,1
41.545195257409205,0.6,0.4,0.33333333333333337,1,1
144.72537597870428,0.6,0.2,0.6666666666666666,0,0
173.45951288541733,0.8,0.2,0.7368421052631579,0,0
-95.89394495185591,0.25,0.8,0.5,0,0
31.80579599247244,0.2,0.2,0.6363636363636364,0,1
-24.64628526777165,0.6,0.4,0.0,1,1
-24.29784655605954,0.8,0.6,0.3571428571428571,0,0
-52.70040404901647,0.4,0.4,0.6,0,1
3.5125554499963982,1.0,0.4,0.19999999999999996,0,0
-59.08384335089613,0.2,0.2,0.5,0,0
127.18748337664442,0.6,0.2,1.0,1,0
-88.7428495354934,0.4,0.8,0.4,0,0
49.26740483537219,0.6,0.4,0.4444444444444444,0,1
36.18524387899743,0.6,0.6,1.0,0,0
11.796441168377669,0.6,0.2,0.5,0,1
-29.86444748281224,0.8,0.8,0.56,0,0
112.12045476905882,0.4,0.4,0.6666666666666667,0,0
56.2676503651112,0.4,0.2,0.4,0,1
49.28496077494242,0.6,0.6,0.5,0,0
-26.85105233013041,0.8,0.6,0.4,0,1
99.3869966222078,0.6,0.0,1.0,0,1
-121.99359084707498,0.2,0.4,0.5,1,0
-57.671780367534666,0.6,0.8,0.5357142857142857,1,0
12.775852365946092,0.4,0.6,0.3333333333333333,0,0
-97.97403029685074,0.4,0.4,0.5,0,1
-71.48839419552473,0.0,0.8,0.0,1,1
103.82721275698964,0.6,0.2,0.6,0,0
-14.744257217747418,0.6,0.6,0.3333333333333333,0,1
-22.1536626057989,0.6,0.8,0.25,0,0
122.20287763338912,0.4,0.2,0.5,0,0
88.6238737637616,0.4,0.8,0.7,0,1
-0.8850604015185581,0.8,0.4,0.6,1,0
-63.95202908807596,0.4,0.4,0.25,0,0
113.57911357433908,0.6,0.2,0.2,0,0
-158.16401234757836,0.6,0.8,0.5,1,1
48.54494319317723,0.6,0.2,0.28125,0,1
79.3898450047086,0.4,0.4,0.0,0,0
71.4754714181588,0.4,0.4,0.16666666666666666,0,1
-27.80366134369569,0.6,0.6,0.25,0,1
7.58963883115598,0.6,0.2,0.47619047619047616,0,0
-90.59529049643356,0.6,0.8,0.6,0,1
95.38846263308642,0.6,0.4,1.0,1,0
12.65730213295501,0.6,0.4,1.0,0,1
-44.12392997920347,0.2,0.4,0.5,0,1
77.03087900267633,0.8,0.2,0.30303030303030304,0,1
28.949942617204897,0.6,0.4,0.4642857142857143,1,0
-29.40254335200393,0.8,0.6,0.5,0,1
-34.09352677309175,0.6,0.4,0.25,0,1
105.99972698702936,0.4,0.4,0.6666666666666667,1,0
44.93808140152396,0.2,0.2,0.8,0,1
-50.86716786357738,1.0,0.6,0.0,0,1
-14.08470008176505,0.6,0.4,0.3333333333333333,1,0
-79.0123749489021,0.6,0.8,0.36,1,0
-6.095506589658953,1.0,0.2,0.0,0,0
-63.2345292378493,0.6,0.2,0.5263157894736843,0,1
-84.97765626226419,0.6,1.0,0.34615384615384615,1,0
90.32044441202834,1.0,0.8,1.0,0,0
-37.63672786879738,0.6,0.2,0.55,0,1
-80.19191579013795,0.2,0.4,0.5405405405405406,0,0
12.905425866756332,0.4,0.6,0.6,0,0
-80.91451267244179,0.4,0.4,0.4,0,1
-69.32493145050103,0.2,0.8,0.46153846153846156,0,0
-7.227155316151538,0.6,0.2,0.25,0,0
-22.23769962864344,0.8,0.6,0.5,0,1
65.81697273430609,0.2,0.2,0.6,0,1
-37.20502607932576,0.2,0.4,0.4482758620689655,0,1
-43.17704192656242,0.4,0.6,0.4545454545454546,1,0
158.7347151230722,0.8,0.2,0.3235294117647059,0,0
60.043391286775886,0.4,0.4,0.75,0,0
20.897645501260055,0.8,0.4,1.0,0,0
91.20633596803076,0.6,0.4,0.6666666666666666,0,1
55.692795608350025,0.4,0.2,0.8333333333333334,0,1
32.69884351845667,0.8,0.4,0.41666666666666663,1,1
25.452528585621167,0.4,0.6,0.5714285714285714,0,1
-75.99356023852715,0.2,0.6,0.25,0,0
86.37937664416017,0.6,0.2,0.0,0,1
-55.79752373934912,0.6,0.6,0.6,0,1
-27.57525065640448,0.6,0.2,0.7142857142857143,1,1
25.094602788874,0.8,0.4,0.8333333333333334,0,1
-22.54207178134061,0.6,0.8,1.0,0,0
-77.79634738387222,0.2,0.4,0.6551724137931034,0,0
38.16399364231916,0.6,0.2,0.2857142857142857,1,0
25.65115060576386,0.8,0.6,0.8,0,0
-148.0889348117878,0.2,1.0,0.6153846153846154,0,1
-11.499762332454566,0.4,0.6,1.0,0,0
88.74941650388155,0.8,0.0,0.75,0,0
-101.06367019420033,0.6,0.6,0.5,1,1
18.27330698805281,0.2,0.4,0.4545454545454546,0,0
47.19253810910527,0.6,0.6,1.0,0,0
3.925652833630238,0.8,0.8,0.6,0,0
41.78548377745187,0.6,0.4,0.2,1,1
-10.872480555225366,0.6,0.4,0.3333333333333333,0,0
22.41125558712497,0.2,0.6,0.47368421052631576,0,0
14.001811269828975,0.8,0.4,0.6666666666666666,0,1
15.046750631807528,0.8,0.6,0.5,0,0
-32.43882401593055,0.2,0.6,0.4347826086956522,0,0
53.86535200863296,0.6,0.4,0.33333333333333337,0,1
35.29924749176212,0.2,0.2,0.7142857142857143,0,0
-37.01114211094068,0.8,0.6,0.1428571428571429,0,1
4.196646114138957,0.6,0.6,0.5,0,0
112.23913091255464,0.8,0.2,0.8571428571428571,0,0
-1.4206974056603483,0.4,0.4,0.4545454545454546,0,1
-39.52274914349891,0.2,0.6,0.25,0,0
26.49261552825351,1.0,0.2,0.5172413793103449,0,1
105.2918588374048,0.6,0.4,0.8,0,1
125.31423235280728,0.8,0.2,0.6666666666666667,0,1
77.37779370033604,0.4,0.2,0.5555555555555556,1,1
-9.38318636002873,0.6,0.4,0.4,0,1
-40.26610851061355,1.0,0.6,0.33333333333333337,0,0
134.73043659251084,0.6,0.2,0.3666666666666667,1,0
62.4332809345924,0.8,0.2,0.375,1,1
-63.80967639664641,0.2,0.8,0.5,0,0
58.015172762304246,0.2,0.4,0.8,0,0
2.7027220194429447,0.2,0.2,0.5333333333333333,0,0
8.329753483684954,0.8,0.2,0.6428571428571428,0,1
-115.76044873331148,0.2,0.8,0.33333333333333337,0,1
-114.29984226066335,0.4,0.8,0.5,0,1
45.137174099547565,0.8,0.2,0.2857142857142857,0,0
-141.5008163809482,0.2,0.6,0.42857142857142855,1,1
-59.78927784407733,0.6,0.4,0.3214285714285714,1,1
12.492555370705531,0.8,0.6,0.5,0,0
-51.35518513598163,0.2,0.8,1.0,0,0
-32.35795795751005,0.8,0.8,0.25,0,0
-39.30607114990266,0.6,0.6,0.2857142857142857,1,1
11.659026964638542,0.6,0.6,0.42857142857142855,0,0
44.84955037853774,0.8,0.6,0.8,0,1
